title,summary,n_enrolled,course_type,institution,instructors,Level,subject,language,subtitles,course_effort,course_length,price,course_description,course_syllabus,course_url
Data Analytics,A beginner path into Data Analysis.,58314,Self-paced,MITx,Course Staff,Introductory,Data Analysis & Statistics,English,English,3–13 hours per week,4 Weeks,Free (Audit),"Data Analytics for data analysis. Build practical, job-ready skills in excel, sql, data visualization, tableau. Designed for beginner learners aiming for a Data Analysis role.","Module 1: Foundations of Data Analytics | Module 2: Core tools (excel, tableau) | Module 3: Hands-on Data Analytics project | Module 4: Beginner techniques and best practices | Module 5: Career path toward Data Analysis",https://www.edx.org/course/data-analytics-beginner
Data Analytics,A intermediate path into Data Analysis.,25312,Self-paced,MITx,Course Staff,Intermediate,Data Analysis & Statistics,English,English,5–9 hours per week,9 Weeks,$49,"Data Analytics for data analysis. Build practical, job-ready skills in pandas, excel, power bi, statistics. Designed for intermediate learners aiming for a Data Analysis role.","Module 1: Foundations of Data Analytics | Module 2: Core tools (pandas, statistics) | Module 3: Hands-on Data Analytics project | Module 4: Intermediate techniques and best practices | Module 5: Career path toward Data Analysis",https://www.edx.org/course/data-analytics-intermediate
Data Analytics,A advanced path into Data Analysis.,185699,Self-paced,Microsoft,Course Staff,Advanced,Data Analysis & Statistics,English,English,2–9 hours per week,7 Weeks,$49,"Data Analytics for data analysis. Build practical, job-ready skills in statistics, pandas, sql, power bi. Designed for advanced learners aiming for a Data Analysis role.","Module 1: Foundations of Data Analytics | Module 2: Core tools (statistics, power bi) | Module 3: Hands-on Data Analytics project | Module 4: Advanced techniques and best practices | Module 5: Career path toward Data Analysis",https://www.edx.org/course/data-analytics-advanced
SQL for Analysts,A beginner path into Data Analysis.,141021,Self-paced,IBM,Course Staff,Introductory,Data Analysis & Statistics,English,English,7–10 hours per week,6 Weeks,$99,"SQL for Analysts for data analysis. Build practical, job-ready skills in excel, pandas, reporting, sql. Designed for beginner learners aiming for a Data Analysis role.","Module 1: Foundations of SQL for Analysts | Module 2: Core tools (excel, sql) | Module 3: Hands-on SQL for Analysts project | Module 4: Beginner techniques and best practices | Module 5: Career path toward Data Analysis",https://www.edx.org/course/sql-for-analysts-beginner
SQL for Analysts,A intermediate path into Data Analysis.,56738,Self-paced,BerkeleyX,Course Staff,Intermediate,Data Analysis & Statistics,English,English,7–12 hours per week,10 Weeks,$99,"SQL for Analysts for data analysis. Build practical, job-ready skills in pandas, tableau, data visualization, statistics. Designed for intermediate learners aiming for a Data Analysis role.","Module 1: Foundations of SQL for Analysts | Module 2: Core tools (pandas, statistics) | Module 3: Hands-on SQL for Analysts project | Module 4: Intermediate techniques and best practices | Module 5: Career path toward Data Analysis",https://www.edx.org/course/sql-for-analysts-intermediate
SQL for Analysts,A advanced path into Data Analysis.,24831,Self-paced,DelftX,Course Staff,Advanced,Data Analysis & Statistics,English,English,8–9 hours per week,5 Weeks,Free (Audit),"SQL for Analysts for data analysis. Build practical, job-ready skills in tableau, reporting, excel, data visualization. Designed for advanced learners aiming for a Data Analysis role.","Module 1: Foundations of SQL for Analysts | Module 2: Core tools (tableau, data visualization) | Module 3: Hands-on SQL for Analysts project | Module 4: Advanced techniques and best practices | Module 5: Career path toward Data Analysis",https://www.edx.org/course/sql-for-analysts-advanced
Business Intelligence,A beginner path into Data Analysis.,169024,Self-paced,GTx,Course Staff,Introductory,Data Analysis & Statistics,English,English,4–9 hours per week,8 Weeks,$99,"Business Intelligence for data analysis. Build practical, job-ready skills in tableau, pandas, data visualization, power bi. Designed for beginner learners aiming for a Data Analysis role.","Module 1: Foundations of Business Intelligence | Module 2: Core tools (tableau, power bi) | Module 3: Hands-on Business Intelligence project | Module 4: Beginner techniques and best practices | Module 5: Career path toward Data Analysis",https://www.edx.org/course/business-intelligence-beginner
Business Intelligence,A intermediate path into Data Analysis.,142394,Self-paced,IBM,Course Staff,Intermediate,Data Analysis & Statistics,English,English,8–13 hours per week,4 Weeks,$49,"Business Intelligence for data analysis. Build practical, job-ready skills in tableau, power bi, sql, reporting. Designed for intermediate learners aiming for a Data Analysis role.","Module 1: Foundations of Business Intelligence | Module 2: Core tools (tableau, reporting) | Module 3: Hands-on Business Intelligence project | Module 4: Intermediate techniques and best practices | Module 5: Career path toward Data Analysis",https://www.edx.org/course/business-intelligence-intermediate
Business Intelligence,A advanced path into Data Analysis.,173949,Self-paced,IBM,Course Staff,Advanced,Data Analysis & Statistics,English,English,5–13 hours per week,6 Weeks,$49,"Business Intelligence for data analysis. Build practical, job-ready skills in reporting, sql, pandas, tableau. Designed for advanced learners aiming for a Data Analysis role.","Module 1: Foundations of Business Intelligence | Module 2: Core tools (reporting, tableau) | Module 3: Hands-on Business Intelligence project | Module 4: Advanced techniques and best practices | Module 5: Career path toward Data Analysis",https://www.edx.org/course/business-intelligence-advanced
Data Visualization,A beginner path into Data Analysis.,6514,Self-paced,BerkeleyX,Course Staff,Introductory,Data Analysis & Statistics,English,English,6–13 hours per week,7 Weeks,Free (Audit),"Data Visualization for data analysis. Build practical, job-ready skills in pandas, excel, statistics, reporting. Designed for beginner learners aiming for a Data Analysis role.","Module 1: Foundations of Data Visualization | Module 2: Core tools (pandas, reporting) | Module 3: Hands-on Data Visualization project | Module 4: Beginner techniques and best practices | Module 5: Career path toward Data Analysis",https://www.edx.org/course/data-visualization-beginner
Data Visualization,A intermediate path into Data Analysis.,190622,Self-paced,IBM,Course Staff,Intermediate,Data Analysis & Statistics,English,English,6–13 hours per week,11 Weeks,Free (Audit),"Data Visualization for data analysis. Build practical, job-ready skills in sql, reporting, data visualization, pandas. Designed for intermediate learners aiming for a Data Analysis role.","Module 1: Foundations of Data Visualization | Module 2: Core tools (sql, pandas) | Module 3: Hands-on Data Visualization project | Module 4: Intermediate techniques and best practices | Module 5: Career path toward Data Analysis",https://www.edx.org/course/data-visualization-intermediate
Data Visualization,A advanced path into Data Analysis.,106544,Self-paced,HarvardX,Course Staff,Advanced,Data Analysis & Statistics,English,English,7–11 hours per week,5 Weeks,Free (Audit),"Data Visualization for data analysis. Build practical, job-ready skills in reporting, pandas, power bi, excel. Designed for advanced learners aiming for a Data Analysis role.","Module 1: Foundations of Data Visualization | Module 2: Core tools (reporting, excel) | Module 3: Hands-on Data Visualization project | Module 4: Advanced techniques and best practices | Module 5: Career path toward Data Analysis",https://www.edx.org/course/data-visualization-advanced
Spreadsheet Analytics,A beginner path into Data Analysis.,14261,Self-paced,MITx,Course Staff,Introductory,Data Analysis & Statistics,English,English,7–13 hours per week,4 Weeks,Free,"Spreadsheet Analytics for data analysis. Build practical, job-ready skills in power bi, excel, statistics, reporting. Designed for beginner learners aiming for a Data Analysis role.","Module 1: Foundations of Spreadsheet Analytics | Module 2: Core tools (power bi, reporting) | Module 3: Hands-on Spreadsheet Analytics project | Module 4: Beginner techniques and best practices | Module 5: Career path toward Data Analysis",https://www.edx.org/course/spreadsheet-analytics-beginner
Spreadsheet Analytics,A intermediate path into Data Analysis.,111888,Self-paced,GTx,Course Staff,Intermediate,Data Analysis & Statistics,English,English,7–14 hours per week,12 Weeks,$99,"Spreadsheet Analytics for data analysis. Build practical, job-ready skills in power bi, excel, reporting, data visualization. Designed for intermediate learners aiming for a Data Analysis role.","Module 1: Foundations of Spreadsheet Analytics | Module 2: Core tools (power bi, data visualization) | Module 3: Hands-on Spreadsheet Analytics project | Module 4: Intermediate techniques and best practices | Module 5: Career path toward Data Analysis",https://www.edx.org/course/spreadsheet-analytics-intermediate
Spreadsheet Analytics,A advanced path into Data Analysis.,15910,Self-paced,IBM,Course Staff,Advanced,Data Analysis & Statistics,English,English,6–9 hours per week,6 Weeks,Free,"Spreadsheet Analytics for data analysis. Build practical, job-ready skills in tableau, excel, reporting, pandas. Designed for advanced learners aiming for a Data Analysis role.","Module 1: Foundations of Spreadsheet Analytics | Module 2: Core tools (tableau, pandas) | Module 3: Hands-on Spreadsheet Analytics project | Module 4: Advanced techniques and best practices | Module 5: Career path toward Data Analysis",https://www.edx.org/course/spreadsheet-analytics-advanced
Data Engineering,A beginner path into Data Engineering.,69358,Self-paced,BerkeleyX,Course Staff,Introductory,Computer Science,English,English,3–14 hours per week,9 Weeks,Free (Audit),"Data Engineering for data engineering. Build practical, job-ready skills in airflow, dbt, sql, etl. Designed for beginner learners aiming for a Data Engineering role.","Module 1: Foundations of Data Engineering | Module 2: Core tools (airflow, etl) | Module 3: Hands-on Data Engineering project | Module 4: Beginner techniques and best practices | Module 5: Career path toward Data Engineering",https://www.edx.org/course/data-engineering-beginner
Data Engineering,A intermediate path into Data Engineering.,133614,Self-paced,Microsoft,Course Staff,Intermediate,Computer Science,English,English,4–10 hours per week,9 Weeks,Free,"Data Engineering for data engineering. Build practical, job-ready skills in data warehouse, etl, airflow, kafka. Designed for intermediate learners aiming for a Data Engineering role.","Module 1: Foundations of Data Engineering | Module 2: Core tools (data warehouse, kafka) | Module 3: Hands-on Data Engineering project | Module 4: Intermediate techniques and best practices | Module 5: Career path toward Data Engineering",https://www.edx.org/course/data-engineering-intermediate
Data Engineering,A advanced path into Data Engineering.,31258,Self-paced,GTx,Course Staff,Advanced,Computer Science,English,English,2–14 hours per week,12 Weeks,Free (Audit),"Data Engineering for data engineering. Build practical, job-ready skills in etl, kafka, snowflake, airflow. Designed for advanced learners aiming for a Data Engineering role.","Module 1: Foundations of Data Engineering | Module 2: Core tools (etl, airflow) | Module 3: Hands-on Data Engineering project | Module 4: Advanced techniques and best practices | Module 5: Career path toward Data Engineering",https://www.edx.org/course/data-engineering-advanced
Big Data with Spark,A beginner path into Data Engineering.,167273,Self-paced,MITx,Course Staff,Introductory,Computer Science,English,English,5–11 hours per week,4 Weeks,Free,"Big Data with Spark for data engineering. Build practical, job-ready skills in data warehouse, kafka, sql, airflow. Designed for beginner learners aiming for a Data Engineering role.","Module 1: Foundations of Big Data with Spark | Module 2: Core tools (data warehouse, airflow) | Module 3: Hands-on Big Data with Spark project | Module 4: Beginner techniques and best practices | Module 5: Career path toward Data Engineering",https://www.edx.org/course/big-data-with-spark-beginner
Big Data with Spark,A intermediate path into Data Engineering.,97787,Self-paced,HarvardX,Course Staff,Intermediate,Computer Science,English,English,6–13 hours per week,6 Weeks,$99,"Big Data with Spark for data engineering. Build practical, job-ready skills in dbt, snowflake, airflow, kafka. Designed for intermediate learners aiming for a Data Engineering role.","Module 1: Foundations of Big Data with Spark | Module 2: Core tools (dbt, kafka) | Module 3: Hands-on Big Data with Spark project | Module 4: Intermediate techniques and best practices | Module 5: Career path toward Data Engineering",https://www.edx.org/course/big-data-with-spark-intermediate
Big Data with Spark,A advanced path into Data Engineering.,63059,Self-paced,IBM,Course Staff,Advanced,Computer Science,English,English,8–10 hours per week,6 Weeks,$99,"Big Data with Spark for data engineering. Build practical, job-ready skills in kafka, spark, sql, dbt. Designed for advanced learners aiming for a Data Engineering role.","Module 1: Foundations of Big Data with Spark | Module 2: Core tools (kafka, dbt) | Module 3: Hands-on Big Data with Spark project | Module 4: Advanced techniques and best practices | Module 5: Career path toward Data Engineering",https://www.edx.org/course/big-data-with-spark-advanced
Building Data Pipelines,A beginner path into Data Engineering.,53316,Self-paced,Microsoft,Course Staff,Introductory,Computer Science,English,English,8–12 hours per week,9 Weeks,$49,"Building Data Pipelines for data engineering. Build practical, job-ready skills in spark, airflow, dbt, kafka. Designed for beginner learners aiming for a Data Engineering role.","Module 1: Foundations of Building Data Pipelines | Module 2: Core tools (spark, kafka) | Module 3: Hands-on Building Data Pipelines project | Module 4: Beginner techniques and best practices | Module 5: Career path toward Data Engineering",https://www.edx.org/course/building-data-pipelines-beginner
Building Data Pipelines,A intermediate path into Data Engineering.,8235,Self-paced,BerkeleyX,Course Staff,Intermediate,Computer Science,English,English,2–11 hours per week,6 Weeks,$49,"Building Data Pipelines for data engineering. Build practical, job-ready skills in etl, airflow, spark, snowflake. Designed for intermediate learners aiming for a Data Engineering role.","Module 1: Foundations of Building Data Pipelines | Module 2: Core tools (etl, snowflake) | Module 3: Hands-on Building Data Pipelines project | Module 4: Intermediate techniques and best practices | Module 5: Career path toward Data Engineering",https://www.edx.org/course/building-data-pipelines-intermediate
Building Data Pipelines,A advanced path into Data Engineering.,12635,Self-paced,GTx,Course Staff,Advanced,Computer Science,English,English,7–12 hours per week,4 Weeks,Free (Audit),"Building Data Pipelines for data engineering. Build practical, job-ready skills in spark, sql, data warehouse, etl. Designed for advanced learners aiming for a Data Engineering role.","Module 1: Foundations of Building Data Pipelines | Module 2: Core tools (spark, etl) | Module 3: Hands-on Building Data Pipelines project | Module 4: Advanced techniques and best practices | Module 5: Career path toward Data Engineering",https://www.edx.org/course/building-data-pipelines-advanced
Data Warehousing,A beginner path into Data Engineering.,51289,Self-paced,IBM,Course Staff,Introductory,Computer Science,English,English,5–14 hours per week,10 Weeks,Free (Audit),"Data Warehousing for data engineering. Build practical, job-ready skills in dbt, etl, spark, kafka. Designed for beginner learners aiming for a Data Engineering role.","Module 1: Foundations of Data Warehousing | Module 2: Core tools (dbt, kafka) | Module 3: Hands-on Data Warehousing project | Module 4: Beginner techniques and best practices | Module 5: Career path toward Data Engineering",https://www.edx.org/course/data-warehousing-beginner
Data Warehousing,A intermediate path into Data Engineering.,173713,Self-paced,IBM,Course Staff,Intermediate,Computer Science,English,English,2–11 hours per week,12 Weeks,$49,"Data Warehousing for data engineering. Build practical, job-ready skills in data warehouse, etl, sql, spark. Designed for intermediate learners aiming for a Data Engineering role.","Module 1: Foundations of Data Warehousing | Module 2: Core tools (data warehouse, spark) | Module 3: Hands-on Data Warehousing project | Module 4: Intermediate techniques and best practices | Module 5: Career path toward Data Engineering",https://www.edx.org/course/data-warehousing-intermediate
Data Warehousing,A advanced path into Data Engineering.,130598,Self-paced,UBCx,Course Staff,Advanced,Computer Science,English,English,5–10 hours per week,6 Weeks,Free,"Data Warehousing for data engineering. Build practical, job-ready skills in airflow, snowflake, sql, kafka. Designed for advanced learners aiming for a Data Engineering role.","Module 1: Foundations of Data Warehousing | Module 2: Core tools (airflow, kafka) | Module 3: Hands-on Data Warehousing project | Module 4: Advanced techniques and best practices | Module 5: Career path toward Data Engineering",https://www.edx.org/course/data-warehousing-advanced
Streaming with Kafka,A beginner path into Data Engineering.,198984,Self-paced,BerkeleyX,Course Staff,Introductory,Computer Science,English,English,5–13 hours per week,12 Weeks,$99,"Streaming with Kafka for data engineering. Build practical, job-ready skills in airflow, snowflake, etl, sql. Designed for beginner learners aiming for a Data Engineering role.","Module 1: Foundations of Streaming with Kafka | Module 2: Core tools (airflow, sql) | Module 3: Hands-on Streaming with Kafka project | Module 4: Beginner techniques and best practices | Module 5: Career path toward Data Engineering",https://www.edx.org/course/streaming-with-kafka-beginner
Streaming with Kafka,A intermediate path into Data Engineering.,72228,Self-paced,Microsoft,Course Staff,Intermediate,Computer Science,English,English,4–11 hours per week,12 Weeks,Free,"Streaming with Kafka for data engineering. Build practical, job-ready skills in sql, airflow, dbt, etl. Designed for intermediate learners aiming for a Data Engineering role.","Module 1: Foundations of Streaming with Kafka | Module 2: Core tools (sql, etl) | Module 3: Hands-on Streaming with Kafka project | Module 4: Intermediate techniques and best practices | Module 5: Career path toward Data Engineering",https://www.edx.org/course/streaming-with-kafka-intermediate
Streaming with Kafka,A advanced path into Data Engineering.,103099,Self-paced,UBCx,Course Staff,Advanced,Computer Science,English,English,8–13 hours per week,4 Weeks,$99,"Streaming with Kafka for data engineering. Build practical, job-ready skills in kafka, airflow, snowflake, etl. Designed for advanced learners aiming for a Data Engineering role.","Module 1: Foundations of Streaming with Kafka | Module 2: Core tools (kafka, etl) | Module 3: Hands-on Streaming with Kafka project | Module 4: Advanced techniques and best practices | Module 5: Career path toward Data Engineering",https://www.edx.org/course/streaming-with-kafka-advanced
Machine Learning,A beginner path into Machine Learning.,176341,Self-paced,BerkeleyX,Course Staff,Introductory,Computer Science,English,English,7–12 hours per week,6 Weeks,$99,"Machine Learning for machine learning. Build practical, job-ready skills in pytorch, python, tensorflow, deep learning. Designed for beginner learners aiming for a Machine Learning role.","Module 1: Foundations of Machine Learning | Module 2: Core tools (pytorch, deep learning) | Module 3: Hands-on Machine Learning project | Module 4: Beginner techniques and best practices | Module 5: Career path toward Machine Learning",https://www.edx.org/course/machine-learning-beginner
Machine Learning,A intermediate path into Machine Learning.,69198,Self-paced,HarvardX,Course Staff,Intermediate,Computer Science,English,English,5–11 hours per week,7 Weeks,$99,"Machine Learning for machine learning. Build practical, job-ready skills in scikit-learn, deep learning, model deployment, python. Designed for intermediate learners aiming for a Machine Learning role.","Module 1: Foundations of Machine Learning | Module 2: Core tools (scikit-learn, python) | Module 3: Hands-on Machine Learning project | Module 4: Intermediate techniques and best practices | Module 5: Career path toward Machine Learning",https://www.edx.org/course/machine-learning-intermediate
Machine Learning,A advanced path into Machine Learning.,171853,Self-paced,MITx,Course Staff,Advanced,Computer Science,English,English,2–9 hours per week,7 Weeks,Free (Audit),"Machine Learning for machine learning. Build practical, job-ready skills in tensorflow, feature engineering, pytorch, model deployment. Designed for advanced learners aiming for a Machine Learning role.","Module 1: Foundations of Machine Learning | Module 2: Core tools (tensorflow, model deployment) | Module 3: Hands-on Machine Learning project | Module 4: Advanced techniques and best practices | Module 5: Career path toward Machine Learning",https://www.edx.org/course/machine-learning-advanced
Deep Learning,A beginner path into Machine Learning.,159831,Self-paced,IBM,Course Staff,Introductory,Computer Science,English,English,6–14 hours per week,5 Weeks,Free (Audit),"Deep Learning for machine learning. Build practical, job-ready skills in feature engineering, python, deep learning, scikit-learn. Designed for beginner learners aiming for a Machine Learning role.","Module 1: Foundations of Deep Learning | Module 2: Core tools (feature engineering, scikit-learn) | Module 3: Hands-on Deep Learning project | Module 4: Beginner techniques and best practices | Module 5: Career path toward Machine Learning",https://www.edx.org/course/deep-learning-beginner
Deep Learning,A intermediate path into Machine Learning.,183764,Self-paced,MITx,Course Staff,Intermediate,Computer Science,English,English,8–11 hours per week,5 Weeks,Free,"Deep Learning for machine learning. Build practical, job-ready skills in tensorflow, python, deep learning, model deployment. Designed for intermediate learners aiming for a Machine Learning role.","Module 1: Foundations of Deep Learning | Module 2: Core tools (tensorflow, model deployment) | Module 3: Hands-on Deep Learning project | Module 4: Intermediate techniques and best practices | Module 5: Career path toward Machine Learning",https://www.edx.org/course/deep-learning-intermediate
Deep Learning,A advanced path into Machine Learning.,115160,Self-paced,IBM,Course Staff,Advanced,Computer Science,English,English,3–14 hours per week,12 Weeks,$49,"Deep Learning for machine learning. Build practical, job-ready skills in tensorflow, deep learning, pytorch, feature engineering. Designed for advanced learners aiming for a Machine Learning role.","Module 1: Foundations of Deep Learning | Module 2: Core tools (tensorflow, feature engineering) | Module 3: Hands-on Deep Learning project | Module 4: Advanced techniques and best practices | Module 5: Career path toward Machine Learning",https://www.edx.org/course/deep-learning-advanced
Applied ML,A beginner path into Machine Learning.,89184,Self-paced,UBCx,Course Staff,Introductory,Computer Science,English,English,2–12 hours per week,9 Weeks,Free (Audit),"Applied ML for machine learning. Build practical, job-ready skills in deep learning, feature engineering, pytorch, model deployment. Designed for beginner learners aiming for a Machine Learning role.","Module 1: Foundations of Applied ML | Module 2: Core tools (deep learning, model deployment) | Module 3: Hands-on Applied ML project | Module 4: Beginner techniques and best practices | Module 5: Career path toward Machine Learning",https://www.edx.org/course/applied-ml-beginner
Applied ML,A intermediate path into Machine Learning.,129077,Self-paced,UBCx,Course Staff,Intermediate,Computer Science,English,English,6–10 hours per week,11 Weeks,$99,"Applied ML for machine learning. Build practical, job-ready skills in pytorch, scikit-learn, tensorflow, deep learning. Designed for intermediate learners aiming for a Machine Learning role.","Module 1: Foundations of Applied ML | Module 2: Core tools (pytorch, deep learning) | Module 3: Hands-on Applied ML project | Module 4: Intermediate techniques and best practices | Module 5: Career path toward Machine Learning",https://www.edx.org/course/applied-ml-intermediate
Applied ML,A advanced path into Machine Learning.,196542,Self-paced,UBCx,Course Staff,Advanced,Computer Science,English,English,6–11 hours per week,9 Weeks,$99,"Applied ML for machine learning. Build practical, job-ready skills in pytorch, python, model deployment, tensorflow. Designed for advanced learners aiming for a Machine Learning role.","Module 1: Foundations of Applied ML | Module 2: Core tools (pytorch, tensorflow) | Module 3: Hands-on Applied ML project | Module 4: Advanced techniques and best practices | Module 5: Career path toward Machine Learning",https://www.edx.org/course/applied-ml-advanced
Neural Networks,A beginner path into Machine Learning.,190945,Self-paced,GTx,Course Staff,Introductory,Computer Science,English,English,6–13 hours per week,8 Weeks,Free,"Neural Networks for machine learning. Build practical, job-ready skills in tensorflow, feature engineering, model deployment, scikit-learn. Designed for beginner learners aiming for a Machine Learning role.","Module 1: Foundations of Neural Networks | Module 2: Core tools (tensorflow, scikit-learn) | Module 3: Hands-on Neural Networks project | Module 4: Beginner techniques and best practices | Module 5: Career path toward Machine Learning",https://www.edx.org/course/neural-networks-beginner
Neural Networks,A intermediate path into Machine Learning.,27892,Self-paced,DelftX,Course Staff,Intermediate,Computer Science,English,English,8–9 hours per week,8 Weeks,$99,"Neural Networks for machine learning. Build practical, job-ready skills in feature engineering, scikit-learn, tensorflow, model deployment. Designed for intermediate learners aiming for a Machine Learning role.","Module 1: Foundations of Neural Networks | Module 2: Core tools (feature engineering, model deployment) | Module 3: Hands-on Neural Networks project | Module 4: Intermediate techniques and best practices | Module 5: Career path toward Machine Learning",https://www.edx.org/course/neural-networks-intermediate
Neural Networks,A advanced path into Machine Learning.,40111,Self-paced,IBM,Course Staff,Advanced,Computer Science,English,English,8–13 hours per week,8 Weeks,Free,"Neural Networks for machine learning. Build practical, job-ready skills in pytorch, feature engineering, tensorflow, scikit-learn. Designed for advanced learners aiming for a Machine Learning role.","Module 1: Foundations of Neural Networks | Module 2: Core tools (pytorch, scikit-learn) | Module 3: Hands-on Neural Networks project | Module 4: Advanced techniques and best practices | Module 5: Career path toward Machine Learning",https://www.edx.org/course/neural-networks-advanced
ML Engineering,A beginner path into Machine Learning.,55470,Self-paced,MITx,Course Staff,Introductory,Computer Science,English,English,7–10 hours per week,8 Weeks,Free,"ML Engineering for machine learning. Build practical, job-ready skills in scikit-learn, python, deep learning, pytorch. Designed for beginner learners aiming for a Machine Learning role.","Module 1: Foundations of ML Engineering | Module 2: Core tools (scikit-learn, pytorch) | Module 3: Hands-on ML Engineering project | Module 4: Beginner techniques and best practices | Module 5: Career path toward Machine Learning",https://www.edx.org/course/ml-engineering-beginner
ML Engineering,A intermediate path into Machine Learning.,181193,Self-paced,MITx,Course Staff,Intermediate,Computer Science,English,English,3–11 hours per week,7 Weeks,$99,"ML Engineering for machine learning. Build practical, job-ready skills in scikit-learn, feature engineering, model deployment, python. Designed for intermediate learners aiming for a Machine Learning role.","Module 1: Foundations of ML Engineering | Module 2: Core tools (scikit-learn, python) | Module 3: Hands-on ML Engineering project | Module 4: Intermediate techniques and best practices | Module 5: Career path toward Machine Learning",https://www.edx.org/course/ml-engineering-intermediate
ML Engineering,A advanced path into Machine Learning.,181532,Self-paced,DelftX,Course Staff,Advanced,Computer Science,English,English,4–14 hours per week,10 Weeks,$49,"ML Engineering for machine learning. Build practical, job-ready skills in python, deep learning, scikit-learn, model deployment. Designed for advanced learners aiming for a Machine Learning role.","Module 1: Foundations of ML Engineering | Module 2: Core tools (python, model deployment) | Module 3: Hands-on ML Engineering project | Module 4: Advanced techniques and best practices | Module 5: Career path toward Machine Learning",https://www.edx.org/course/ml-engineering-advanced
MLOps,A beginner path into MLOps & DevOps.,152059,Self-paced,GTx,Course Staff,Introductory,Computer Science,English,English,2–10 hours per week,11 Weeks,$99,"MLOps for mlops & devops. Build practical, job-ready skills in monitoring, mlflow, terraform, github actions. Designed for beginner learners aiming for a MLOps & DevOps role.","Module 1: Foundations of MLOps | Module 2: Core tools (monitoring, github actions) | Module 3: Hands-on MLOps project | Module 4: Beginner techniques and best practices | Module 5: Career path toward MLOps & DevOps",https://www.edx.org/course/mlops-beginner
MLOps,A intermediate path into MLOps & DevOps.,76554,Self-paced,DelftX,Course Staff,Intermediate,Computer Science,English,English,7–12 hours per week,12 Weeks,Free,"MLOps for mlops & devops. Build practical, job-ready skills in ci/cd, kubernetes, monitoring, terraform. Designed for intermediate learners aiming for a MLOps & DevOps role.","Module 1: Foundations of MLOps | Module 2: Core tools (ci/cd, terraform) | Module 3: Hands-on MLOps project | Module 4: Intermediate techniques and best practices | Module 5: Career path toward MLOps & DevOps",https://www.edx.org/course/mlops-intermediate
MLOps,A advanced path into MLOps & DevOps.,164219,Self-paced,BerkeleyX,Course Staff,Advanced,Computer Science,English,English,8–12 hours per week,11 Weeks,Free,"MLOps for mlops & devops. Build practical, job-ready skills in terraform, docker, ci/cd, monitoring. Designed for advanced learners aiming for a MLOps & DevOps role.","Module 1: Foundations of MLOps | Module 2: Core tools (terraform, monitoring) | Module 3: Hands-on MLOps project | Module 4: Advanced techniques and best practices | Module 5: Career path toward MLOps & DevOps",https://www.edx.org/course/mlops-advanced
DevOps,A beginner path into MLOps & DevOps.,145769,Self-paced,HarvardX,Course Staff,Introductory,Computer Science,English,English,5–9 hours per week,7 Weeks,Free,"DevOps for mlops & devops. Build practical, job-ready skills in kubernetes, ci/cd, monitoring, mlflow. Designed for beginner learners aiming for a MLOps & DevOps role.","Module 1: Foundations of DevOps | Module 2: Core tools (kubernetes, mlflow) | Module 3: Hands-on DevOps project | Module 4: Beginner techniques and best practices | Module 5: Career path toward MLOps & DevOps",https://www.edx.org/course/devops-beginner
DevOps,A intermediate path into MLOps & DevOps.,158123,Self-paced,Microsoft,Course Staff,Intermediate,Computer Science,English,English,6–14 hours per week,6 Weeks,Free,"DevOps for mlops & devops. Build practical, job-ready skills in terraform, docker, kubernetes, mlflow. Designed for intermediate learners aiming for a MLOps & DevOps role.","Module 1: Foundations of DevOps | Module 2: Core tools (terraform, mlflow) | Module 3: Hands-on DevOps project | Module 4: Intermediate techniques and best practices | Module 5: Career path toward MLOps & DevOps",https://www.edx.org/course/devops-intermediate
DevOps,A advanced path into MLOps & DevOps.,120365,Self-paced,UBCx,Course Staff,Advanced,Computer Science,English,English,4–10 hours per week,7 Weeks,$99,"DevOps for mlops & devops. Build practical, job-ready skills in ci/cd, terraform, mlflow, monitoring. Designed for advanced learners aiming for a MLOps & DevOps role.","Module 1: Foundations of DevOps | Module 2: Core tools (ci/cd, monitoring) | Module 3: Hands-on DevOps project | Module 4: Advanced techniques and best practices | Module 5: Career path toward MLOps & DevOps",https://www.edx.org/course/devops-advanced
Kubernetes in Production,A beginner path into MLOps & DevOps.,27309,Self-paced,BerkeleyX,Course Staff,Introductory,Computer Science,English,English,8–12 hours per week,5 Weeks,$99,"Kubernetes in Production for mlops & devops. Build practical, job-ready skills in kubernetes, terraform, docker, ci/cd. Designed for beginner learners aiming for a MLOps & DevOps role.","Module 1: Foundations of Kubernetes in Production | Module 2: Core tools (kubernetes, ci/cd) | Module 3: Hands-on Kubernetes in Production project | Module 4: Beginner techniques and best practices | Module 5: Career path toward MLOps & DevOps",https://www.edx.org/course/kubernetes-in-production-beginner
Kubernetes in Production,A intermediate path into MLOps & DevOps.,84010,Self-paced,UBCx,Course Staff,Intermediate,Computer Science,English,English,7–14 hours per week,11 Weeks,Free,"Kubernetes in Production for mlops & devops. Build practical, job-ready skills in docker, github actions, kubernetes, terraform. Designed for intermediate learners aiming for a MLOps & DevOps role.","Module 1: Foundations of Kubernetes in Production | Module 2: Core tools (docker, terraform) | Module 3: Hands-on Kubernetes in Production project | Module 4: Intermediate techniques and best practices | Module 5: Career path toward MLOps & DevOps",https://www.edx.org/course/kubernetes-in-production-intermediate
Kubernetes in Production,A advanced path into MLOps & DevOps.,13056,Self-paced,HarvardX,Course Staff,Advanced,Computer Science,English,English,4–9 hours per week,8 Weeks,$49,"Kubernetes in Production for mlops & devops. Build practical, job-ready skills in monitoring, docker, kubernetes, ci/cd. Designed for advanced learners aiming for a MLOps & DevOps role.","Module 1: Foundations of Kubernetes in Production | Module 2: Core tools (monitoring, ci/cd) | Module 3: Hands-on Kubernetes in Production project | Module 4: Advanced techniques and best practices | Module 5: Career path toward MLOps & DevOps",https://www.edx.org/course/kubernetes-in-production-advanced
CI/CD Pipelines,A beginner path into MLOps & DevOps.,153871,Self-paced,DelftX,Course Staff,Introductory,Computer Science,English,English,3–10 hours per week,11 Weeks,$49,"CI/CD Pipelines for mlops & devops. Build practical, job-ready skills in ci/cd, terraform, kubernetes, monitoring. Designed for beginner learners aiming for a MLOps & DevOps role.","Module 1: Foundations of CI/CD Pipelines | Module 2: Core tools (ci/cd, monitoring) | Module 3: Hands-on CI/CD Pipelines project | Module 4: Beginner techniques and best practices | Module 5: Career path toward MLOps & DevOps",https://www.edx.org/course/ci-cd-pipelines-beginner
CI/CD Pipelines,A intermediate path into MLOps & DevOps.,80199,Self-paced,DelftX,Course Staff,Intermediate,Computer Science,English,English,3–12 hours per week,11 Weeks,Free,"CI/CD Pipelines for mlops & devops. Build practical, job-ready skills in terraform, ci/cd, docker, mlflow. Designed for intermediate learners aiming for a MLOps & DevOps role.","Module 1: Foundations of CI/CD Pipelines | Module 2: Core tools (terraform, mlflow) | Module 3: Hands-on CI/CD Pipelines project | Module 4: Intermediate techniques and best practices | Module 5: Career path toward MLOps & DevOps",https://www.edx.org/course/ci-cd-pipelines-intermediate
CI/CD Pipelines,A advanced path into MLOps & DevOps.,76024,Self-paced,DelftX,Course Staff,Advanced,Computer Science,English,English,8–10 hours per week,9 Weeks,Free (Audit),"CI/CD Pipelines for mlops & devops. Build practical, job-ready skills in kubernetes, terraform, monitoring, ci/cd. Designed for advanced learners aiming for a MLOps & DevOps role.","Module 1: Foundations of CI/CD Pipelines | Module 2: Core tools (kubernetes, ci/cd) | Module 3: Hands-on CI/CD Pipelines project | Module 4: Advanced techniques and best practices | Module 5: Career path toward MLOps & DevOps",https://www.edx.org/course/ci-cd-pipelines-advanced
Infrastructure as Code,A beginner path into MLOps & DevOps.,78361,Self-paced,MITx,Course Staff,Introductory,Computer Science,English,English,4–14 hours per week,10 Weeks,Free (Audit),"Infrastructure as Code for mlops & devops. Build practical, job-ready skills in github actions, kubernetes, monitoring, ci/cd. Designed for beginner learners aiming for a MLOps & DevOps role.","Module 1: Foundations of Infrastructure as Code | Module 2: Core tools (github actions, ci/cd) | Module 3: Hands-on Infrastructure as Code project | Module 4: Beginner techniques and best practices | Module 5: Career path toward MLOps & DevOps",https://www.edx.org/course/infrastructure-as-code-beginner
Infrastructure as Code,A intermediate path into MLOps & DevOps.,20739,Self-paced,DelftX,Course Staff,Intermediate,Computer Science,English,English,3–10 hours per week,10 Weeks,$49,"Infrastructure as Code for mlops & devops. Build practical, job-ready skills in kubernetes, mlflow, monitoring, ci/cd. Designed for intermediate learners aiming for a MLOps & DevOps role.","Module 1: Foundations of Infrastructure as Code | Module 2: Core tools (kubernetes, ci/cd) | Module 3: Hands-on Infrastructure as Code project | Module 4: Intermediate techniques and best practices | Module 5: Career path toward MLOps & DevOps",https://www.edx.org/course/infrastructure-as-code-intermediate
Infrastructure as Code,A advanced path into MLOps & DevOps.,163410,Self-paced,HarvardX,Course Staff,Advanced,Computer Science,English,English,6–11 hours per week,7 Weeks,Free,"Infrastructure as Code for mlops & devops. Build practical, job-ready skills in docker, terraform, mlflow, ci/cd. Designed for advanced learners aiming for a MLOps & DevOps role.","Module 1: Foundations of Infrastructure as Code | Module 2: Core tools (docker, ci/cd) | Module 3: Hands-on Infrastructure as Code project | Module 4: Advanced techniques and best practices | Module 5: Career path toward MLOps & DevOps",https://www.edx.org/course/infrastructure-as-code-advanced
AWS Cloud,A beginner path into Cloud.,119919,Self-paced,UBCx,Course Staff,Introductory,Computer Science,English,English,4–14 hours per week,12 Weeks,$99,"AWS Cloud for cloud. Build practical, job-ready skills in lambda, cloud architecture, gcp, networking. Designed for beginner learners aiming for a Cloud role.","Module 1: Foundations of AWS Cloud | Module 2: Core tools (lambda, networking) | Module 3: Hands-on AWS Cloud project | Module 4: Beginner techniques and best practices | Module 5: Career path toward Cloud",https://www.edx.org/course/aws-cloud-beginner
AWS Cloud,A intermediate path into Cloud.,27045,Self-paced,BerkeleyX,Course Staff,Intermediate,Computer Science,English,English,7–11 hours per week,12 Weeks,$49,"AWS Cloud for cloud. Build practical, job-ready skills in serverless, lambda, azure, cloud architecture. Designed for intermediate learners aiming for a Cloud role.","Module 1: Foundations of AWS Cloud | Module 2: Core tools (serverless, cloud architecture) | Module 3: Hands-on AWS Cloud project | Module 4: Intermediate techniques and best practices | Module 5: Career path toward Cloud",https://www.edx.org/course/aws-cloud-intermediate
AWS Cloud,A advanced path into Cloud.,149000,Self-paced,IBM,Course Staff,Advanced,Computer Science,English,English,3–9 hours per week,12 Weeks,Free (Audit),"AWS Cloud for cloud. Build practical, job-ready skills in aws, cloud architecture, gcp, azure. Designed for advanced learners aiming for a Cloud role.","Module 1: Foundations of AWS Cloud | Module 2: Core tools (aws, azure) | Module 3: Hands-on AWS Cloud project | Module 4: Advanced techniques and best practices | Module 5: Career path toward Cloud",https://www.edx.org/course/aws-cloud-advanced
Cloud Architecture,A beginner path into Cloud.,4895,Self-paced,IBM,Course Staff,Introductory,Computer Science,English,English,4–10 hours per week,9 Weeks,Free,"Cloud Architecture for cloud. Build practical, job-ready skills in serverless, azure, lambda, gcp. Designed for beginner learners aiming for a Cloud role.","Module 1: Foundations of Cloud Architecture | Module 2: Core tools (serverless, gcp) | Module 3: Hands-on Cloud Architecture project | Module 4: Beginner techniques and best practices | Module 5: Career path toward Cloud",https://www.edx.org/course/cloud-architecture-beginner
Cloud Architecture,A intermediate path into Cloud.,162246,Self-paced,Microsoft,Course Staff,Intermediate,Computer Science,English,English,2–14 hours per week,12 Weeks,$49,"Cloud Architecture for cloud. Build practical, job-ready skills in azure, gcp, aws, networking. Designed for intermediate learners aiming for a Cloud role.","Module 1: Foundations of Cloud Architecture | Module 2: Core tools (azure, networking) | Module 3: Hands-on Cloud Architecture project | Module 4: Intermediate techniques and best practices | Module 5: Career path toward Cloud",https://www.edx.org/course/cloud-architecture-intermediate
Cloud Architecture,A advanced path into Cloud.,18218,Self-paced,IBM,Course Staff,Advanced,Computer Science,English,English,3–11 hours per week,12 Weeks,$49,"Cloud Architecture for cloud. Build practical, job-ready skills in cloud architecture, lambda, aws, serverless. Designed for advanced learners aiming for a Cloud role.","Module 1: Foundations of Cloud Architecture | Module 2: Core tools (cloud architecture, serverless) | Module 3: Hands-on Cloud Architecture project | Module 4: Advanced techniques and best practices | Module 5: Career path toward Cloud",https://www.edx.org/course/cloud-architecture-advanced
Serverless Applications,A beginner path into Cloud.,60898,Self-paced,DelftX,Course Staff,Introductory,Computer Science,English,English,5–11 hours per week,11 Weeks,$99,"Serverless Applications for cloud. Build practical, job-ready skills in cloud architecture, serverless, lambda, gcp. Designed for beginner learners aiming for a Cloud role.","Module 1: Foundations of Serverless Applications | Module 2: Core tools (cloud architecture, gcp) | Module 3: Hands-on Serverless Applications project | Module 4: Beginner techniques and best practices | Module 5: Career path toward Cloud",https://www.edx.org/course/serverless-applications-beginner
Serverless Applications,A intermediate path into Cloud.,114213,Self-paced,MITx,Course Staff,Intermediate,Computer Science,English,English,2–14 hours per week,9 Weeks,Free (Audit),"Serverless Applications for cloud. Build practical, job-ready skills in cloud architecture, lambda, aws, gcp. Designed for intermediate learners aiming for a Cloud role.","Module 1: Foundations of Serverless Applications | Module 2: Core tools (cloud architecture, gcp) | Module 3: Hands-on Serverless Applications project | Module 4: Intermediate techniques and best practices | Module 5: Career path toward Cloud",https://www.edx.org/course/serverless-applications-intermediate
Serverless Applications,A advanced path into Cloud.,41561,Self-paced,Microsoft,Course Staff,Advanced,Computer Science,English,English,7–12 hours per week,7 Weeks,Free,"Serverless Applications for cloud. Build practical, job-ready skills in serverless, aws, networking, gcp. Designed for advanced learners aiming for a Cloud role.","Module 1: Foundations of Serverless Applications | Module 2: Core tools (serverless, gcp) | Module 3: Hands-on Serverless Applications project | Module 4: Advanced techniques and best practices | Module 5: Career path toward Cloud",https://www.edx.org/course/serverless-applications-advanced
Azure Fundamentals,A beginner path into Cloud.,48294,Self-paced,HarvardX,Course Staff,Introductory,Computer Science,English,English,4–14 hours per week,8 Weeks,$49,"Azure Fundamentals for cloud. Build practical, job-ready skills in gcp, serverless, networking, aws. Designed for beginner learners aiming for a Cloud role.","Module 1: Foundations of Azure Fundamentals | Module 2: Core tools (gcp, aws) | Module 3: Hands-on Azure Fundamentals project | Module 4: Beginner techniques and best practices | Module 5: Career path toward Cloud",https://www.edx.org/course/azure-fundamentals-beginner
Azure Fundamentals,A intermediate path into Cloud.,98007,Self-paced,IBM,Course Staff,Intermediate,Computer Science,English,English,4–14 hours per week,9 Weeks,Free,"Azure Fundamentals for cloud. Build practical, job-ready skills in gcp, aws, azure, serverless. Designed for intermediate learners aiming for a Cloud role.","Module 1: Foundations of Azure Fundamentals | Module 2: Core tools (gcp, serverless) | Module 3: Hands-on Azure Fundamentals project | Module 4: Intermediate techniques and best practices | Module 5: Career path toward Cloud",https://www.edx.org/course/azure-fundamentals-intermediate
Azure Fundamentals,A advanced path into Cloud.,91484,Self-paced,MITx,Course Staff,Advanced,Computer Science,English,English,5–9 hours per week,8 Weeks,$99,"Azure Fundamentals for cloud. Build practical, job-ready skills in aws, azure, lambda, networking. Designed for advanced learners aiming for a Cloud role.","Module 1: Foundations of Azure Fundamentals | Module 2: Core tools (aws, networking) | Module 3: Hands-on Azure Fundamentals project | Module 4: Advanced techniques and best practices | Module 5: Career path toward Cloud",https://www.edx.org/course/azure-fundamentals-advanced
Cloud Security,A beginner path into Cloud.,76876,Self-paced,GTx,Course Staff,Introductory,Computer Science,English,English,4–9 hours per week,4 Weeks,$99,"Cloud Security for cloud. Build practical, job-ready skills in serverless, lambda, gcp, aws. Designed for beginner learners aiming for a Cloud role.","Module 1: Foundations of Cloud Security | Module 2: Core tools (serverless, aws) | Module 3: Hands-on Cloud Security project | Module 4: Beginner techniques and best practices | Module 5: Career path toward Cloud",https://www.edx.org/course/cloud-security-beginner
Cloud Security,A intermediate path into Cloud.,151931,Self-paced,BerkeleyX,Course Staff,Intermediate,Computer Science,English,English,5–13 hours per week,10 Weeks,$99,"Cloud Security for cloud. Build practical, job-ready skills in lambda, cloud architecture, azure, serverless. Designed for intermediate learners aiming for a Cloud role.","Module 1: Foundations of Cloud Security | Module 2: Core tools (lambda, serverless) | Module 3: Hands-on Cloud Security project | Module 4: Intermediate techniques and best practices | Module 5: Career path toward Cloud",https://www.edx.org/course/cloud-security-intermediate
Cloud Security,A advanced path into Cloud.,138353,Self-paced,UBCx,Course Staff,Advanced,Computer Science,English,English,2–12 hours per week,8 Weeks,$49,"Cloud Security for cloud. Build practical, job-ready skills in gcp, aws, cloud architecture, lambda. Designed for advanced learners aiming for a Cloud role.","Module 1: Foundations of Cloud Security | Module 2: Core tools (gcp, lambda) | Module 3: Hands-on Cloud Security project | Module 4: Advanced techniques and best practices | Module 5: Career path toward Cloud",https://www.edx.org/course/cloud-security-advanced
Product Management,A beginner path into Product & Project Management.,46481,Self-paced,Microsoft,Course Staff,Introductory,Business & Management,English,English,6–10 hours per week,5 Weeks,Free (Audit),"Product Management for product & project management. Build practical, job-ready skills in stakeholder management, agile, prioritization, roadmap. Designed for beginner learners aiming for a Product & Project Management role.","Module 1: Foundations of Product Management | Module 2: Core tools (stakeholder management, roadmap) | Module 3: Hands-on Product Management project | Module 4: Beginner techniques and best practices | Module 5: Career path toward Product & Project Management",https://www.edx.org/course/product-management-beginner
Product Management,A intermediate path into Product & Project Management.,73004,Self-paced,GTx,Course Staff,Intermediate,Business & Management,English,English,6–9 hours per week,9 Weeks,Free,"Product Management for product & project management. Build practical, job-ready skills in prioritization, metrics, scrum, product strategy. Designed for intermediate learners aiming for a Product & Project Management role.","Module 1: Foundations of Product Management | Module 2: Core tools (prioritization, product strategy) | Module 3: Hands-on Product Management project | Module 4: Intermediate techniques and best practices | Module 5: Career path toward Product & Project Management",https://www.edx.org/course/product-management-intermediate
Product Management,A advanced path into Product & Project Management.,118894,Self-paced,HarvardX,Course Staff,Advanced,Business & Management,English,English,8–13 hours per week,7 Weeks,$49,"Product Management for product & project management. Build practical, job-ready skills in agile, scrum, metrics, roadmap. Designed for advanced learners aiming for a Product & Project Management role.","Module 1: Foundations of Product Management | Module 2: Core tools (agile, roadmap) | Module 3: Hands-on Product Management project | Module 4: Advanced techniques and best practices | Module 5: Career path toward Product & Project Management",https://www.edx.org/course/product-management-advanced
Project Management,A beginner path into Product & Project Management.,138381,Self-paced,DelftX,Course Staff,Introductory,Business & Management,English,English,6–13 hours per week,6 Weeks,$49,"Project Management for product & project management. Build practical, job-ready skills in product strategy, scrum, prioritization, stakeholder management. Designed for beginner learners aiming for a Product & Project Management role.","Module 1: Foundations of Project Management | Module 2: Core tools (product strategy, stakeholder management) | Module 3: Hands-on Project Management project | Module 4: Beginner techniques and best practices | Module 5: Career path toward Product & Project Management",https://www.edx.org/course/project-management-beginner
Project Management,A intermediate path into Product & Project Management.,190722,Self-paced,GTx,Course Staff,Intermediate,Business & Management,English,English,8–14 hours per week,6 Weeks,$49,"Project Management for product & project management. Build practical, job-ready skills in agile, prioritization, scrum, product strategy. Designed for intermediate learners aiming for a Product & Project Management role.","Module 1: Foundations of Project Management | Module 2: Core tools (agile, product strategy) | Module 3: Hands-on Project Management project | Module 4: Intermediate techniques and best practices | Module 5: Career path toward Product & Project Management",https://www.edx.org/course/project-management-intermediate
Project Management,A advanced path into Product & Project Management.,176666,Self-paced,IBM,Course Staff,Advanced,Business & Management,English,English,7–14 hours per week,12 Weeks,Free,"Project Management for product & project management. Build practical, job-ready skills in roadmap, product strategy, stakeholder management, agile. Designed for advanced learners aiming for a Product & Project Management role.","Module 1: Foundations of Project Management | Module 2: Core tools (roadmap, agile) | Module 3: Hands-on Project Management project | Module 4: Advanced techniques and best practices | Module 5: Career path toward Product & Project Management",https://www.edx.org/course/project-management-advanced
Agile & Scrum,A beginner path into Product & Project Management.,78540,Self-paced,MITx,Course Staff,Introductory,Business & Management,English,English,8–9 hours per week,12 Weeks,Free,"Agile & Scrum for product & project management. Build practical, job-ready skills in metrics, prioritization, scrum, agile. Designed for beginner learners aiming for a Product & Project Management role.","Module 1: Foundations of Agile & Scrum | Module 2: Core tools (metrics, agile) | Module 3: Hands-on Agile & Scrum project | Module 4: Beginner techniques and best practices | Module 5: Career path toward Product & Project Management",https://www.edx.org/course/agile---scrum-beginner
Agile & Scrum,A intermediate path into Product & Project Management.,161063,Self-paced,DelftX,Course Staff,Intermediate,Business & Management,English,English,4–14 hours per week,11 Weeks,Free (Audit),"Agile & Scrum for product & project management. Build practical, job-ready skills in metrics, agile, product strategy, stakeholder management. Designed for intermediate learners aiming for a Product & Project Management role.","Module 1: Foundations of Agile & Scrum | Module 2: Core tools (metrics, stakeholder management) | Module 3: Hands-on Agile & Scrum project | Module 4: Intermediate techniques and best practices | Module 5: Career path toward Product & Project Management",https://www.edx.org/course/agile---scrum-intermediate
Agile & Scrum,A advanced path into Product & Project Management.,159508,Self-paced,Microsoft,Course Staff,Advanced,Business & Management,English,English,3–11 hours per week,4 Weeks,$99,"Agile & Scrum for product & project management. Build practical, job-ready skills in product strategy, stakeholder management, agile, scrum. Designed for advanced learners aiming for a Product & Project Management role.","Module 1: Foundations of Agile & Scrum | Module 2: Core tools (product strategy, scrum) | Module 3: Hands-on Agile & Scrum project | Module 4: Advanced techniques and best practices | Module 5: Career path toward Product & Project Management",https://www.edx.org/course/agile---scrum-advanced
Product Strategy,A beginner path into Product & Project Management.,119260,Self-paced,Microsoft,Course Staff,Introductory,Business & Management,English,English,4–9 hours per week,10 Weeks,Free,"Product Strategy for product & project management. Build practical, job-ready skills in prioritization, agile, product strategy, roadmap. Designed for beginner learners aiming for a Product & Project Management role.","Module 1: Foundations of Product Strategy | Module 2: Core tools (prioritization, roadmap) | Module 3: Hands-on Product Strategy project | Module 4: Beginner techniques and best practices | Module 5: Career path toward Product & Project Management",https://www.edx.org/course/product-strategy-beginner
Product Strategy,A intermediate path into Product & Project Management.,124851,Self-paced,GTx,Course Staff,Intermediate,Business & Management,English,English,7–10 hours per week,11 Weeks,$99,"Product Strategy for product & project management. Build practical, job-ready skills in scrum, product strategy, agile, stakeholder management. Designed for intermediate learners aiming for a Product & Project Management role.","Module 1: Foundations of Product Strategy | Module 2: Core tools (scrum, stakeholder management) | Module 3: Hands-on Product Strategy project | Module 4: Intermediate techniques and best practices | Module 5: Career path toward Product & Project Management",https://www.edx.org/course/product-strategy-intermediate
Product Strategy,A advanced path into Product & Project Management.,168497,Self-paced,UBCx,Course Staff,Advanced,Business & Management,English,English,8–13 hours per week,11 Weeks,Free,"Product Strategy for product & project management. Build practical, job-ready skills in product strategy, roadmap, metrics, prioritization. Designed for advanced learners aiming for a Product & Project Management role.","Module 1: Foundations of Product Strategy | Module 2: Core tools (product strategy, prioritization) | Module 3: Hands-on Product Strategy project | Module 4: Advanced techniques and best practices | Module 5: Career path toward Product & Project Management",https://www.edx.org/course/product-strategy-advanced
Roadmapping,A beginner path into Product & Project Management.,175160,Self-paced,IBM,Course Staff,Introductory,Business & Management,English,English,7–9 hours per week,12 Weeks,$49,"Roadmapping for product & project management. Build practical, job-ready skills in roadmap, scrum, product strategy, prioritization. Designed for beginner learners aiming for a Product & Project Management role.","Module 1: Foundations of Roadmapping | Module 2: Core tools (roadmap, prioritization) | Module 3: Hands-on Roadmapping project | Module 4: Beginner techniques and best practices | Module 5: Career path toward Product & Project Management",https://www.edx.org/course/roadmapping-beginner
Roadmapping,A intermediate path into Product & Project Management.,193136,Self-paced,Microsoft,Course Staff,Intermediate,Business & Management,English,English,7–14 hours per week,5 Weeks,$49,"Roadmapping for product & project management. Build practical, job-ready skills in roadmap, product strategy, metrics, prioritization. Designed for intermediate learners aiming for a Product & Project Management role.","Module 1: Foundations of Roadmapping | Module 2: Core tools (roadmap, prioritization) | Module 3: Hands-on Roadmapping project | Module 4: Intermediate techniques and best practices | Module 5: Career path toward Product & Project Management",https://www.edx.org/course/roadmapping-intermediate
Roadmapping,A advanced path into Product & Project Management.,77924,Self-paced,HarvardX,Course Staff,Advanced,Business & Management,English,English,3–9 hours per week,7 Weeks,Free,"Roadmapping for product & project management. Build practical, job-ready skills in stakeholder management, roadmap, agile, product strategy. Designed for advanced learners aiming for a Product & Project Management role.","Module 1: Foundations of Roadmapping | Module 2: Core tools (stakeholder management, product strategy) | Module 3: Hands-on Roadmapping project | Module 4: Advanced techniques and best practices | Module 5: Career path toward Product & Project Management",https://www.edx.org/course/roadmapping-advanced
Test Automation,A beginner path into QA & Test Automation.,97474,Self-paced,MITx,Course Staff,Introductory,Computer Science,English,English,5–12 hours per week,11 Weeks,$99,"Test Automation for qa & test automation. Build practical, job-ready skills in test automation, playwright, qa, pytest. Designed for beginner learners aiming for a QA & Test Automation role.","Module 1: Foundations of Test Automation | Module 2: Core tools (test automation, pytest) | Module 3: Hands-on Test Automation project | Module 4: Beginner techniques and best practices | Module 5: Career path toward QA & Test Automation",https://www.edx.org/course/test-automation-beginner
Test Automation,A intermediate path into QA & Test Automation.,85203,Self-paced,GTx,Course Staff,Intermediate,Computer Science,English,English,2–9 hours per week,9 Weeks,$49,"Test Automation for qa & test automation. Build practical, job-ready skills in test automation, cypress, pytest, qa. Designed for intermediate learners aiming for a QA & Test Automation role.","Module 1: Foundations of Test Automation | Module 2: Core tools (test automation, qa) | Module 3: Hands-on Test Automation project | Module 4: Intermediate techniques and best practices | Module 5: Career path toward QA & Test Automation",https://www.edx.org/course/test-automation-intermediate
Test Automation,A advanced path into QA & Test Automation.,20671,Self-paced,HarvardX,Course Staff,Advanced,Computer Science,English,English,7–14 hours per week,10 Weeks,$49,"Test Automation for qa & test automation. Build practical, job-ready skills in test automation, pytest, qa, test planning. Designed for advanced learners aiming for a QA & Test Automation role.","Module 1: Foundations of Test Automation | Module 2: Core tools (test automation, test planning) | Module 3: Hands-on Test Automation project | Module 4: Advanced techniques and best practices | Module 5: Career path toward QA & Test Automation",https://www.edx.org/course/test-automation-advanced
QA Engineering,A beginner path into QA & Test Automation.,101362,Self-paced,BerkeleyX,Course Staff,Introductory,Computer Science,English,English,6–9 hours per week,6 Weeks,$99,"QA Engineering for qa & test automation. Build practical, job-ready skills in qa, test planning, cypress, selenium. Designed for beginner learners aiming for a QA & Test Automation role.","Module 1: Foundations of QA Engineering | Module 2: Core tools (qa, selenium) | Module 3: Hands-on QA Engineering project | Module 4: Beginner techniques and best practices | Module 5: Career path toward QA & Test Automation",https://www.edx.org/course/qa-engineering-beginner
QA Engineering,A intermediate path into QA & Test Automation.,136723,Self-paced,DelftX,Course Staff,Intermediate,Computer Science,English,English,5–13 hours per week,5 Weeks,$49,"QA Engineering for qa & test automation. Build practical, job-ready skills in test automation, playwright, pytest, selenium. Designed for intermediate learners aiming for a QA & Test Automation role.","Module 1: Foundations of QA Engineering | Module 2: Core tools (test automation, selenium) | Module 3: Hands-on QA Engineering project | Module 4: Intermediate techniques and best practices | Module 5: Career path toward QA & Test Automation",https://www.edx.org/course/qa-engineering-intermediate
QA Engineering,A advanced path into QA & Test Automation.,24013,Self-paced,DelftX,Course Staff,Advanced,Computer Science,English,English,8–14 hours per week,9 Weeks,$49,"QA Engineering for qa & test automation. Build practical, job-ready skills in playwright, test automation, pytest, cypress. Designed for advanced learners aiming for a QA & Test Automation role.","Module 1: Foundations of QA Engineering | Module 2: Core tools (playwright, cypress) | Module 3: Hands-on QA Engineering project | Module 4: Advanced techniques and best practices | Module 5: Career path toward QA & Test Automation",https://www.edx.org/course/qa-engineering-advanced
Selenium WebDriver,A beginner path into QA & Test Automation.,130504,Self-paced,Microsoft,Course Staff,Introductory,Computer Science,English,English,2–11 hours per week,12 Weeks,$49,"Selenium WebDriver for qa & test automation. Build practical, job-ready skills in test planning, selenium, qa, test automation. Designed for beginner learners aiming for a QA & Test Automation role.","Module 1: Foundations of Selenium WebDriver | Module 2: Core tools (test planning, test automation) | Module 3: Hands-on Selenium WebDriver project | Module 4: Beginner techniques and best practices | Module 5: Career path toward QA & Test Automation",https://www.edx.org/course/selenium-webdriver-beginner
Selenium WebDriver,A intermediate path into QA & Test Automation.,169385,Self-paced,BerkeleyX,Course Staff,Intermediate,Computer Science,English,English,2–12 hours per week,11 Weeks,$49,"Selenium WebDriver for qa & test automation. Build practical, job-ready skills in pytest, qa, cypress, selenium. Designed for intermediate learners aiming for a QA & Test Automation role.","Module 1: Foundations of Selenium WebDriver | Module 2: Core tools (pytest, selenium) | Module 3: Hands-on Selenium WebDriver project | Module 4: Intermediate techniques and best practices | Module 5: Career path toward QA & Test Automation",https://www.edx.org/course/selenium-webdriver-intermediate
Selenium WebDriver,A advanced path into QA & Test Automation.,91707,Self-paced,Microsoft,Course Staff,Advanced,Computer Science,English,English,6–11 hours per week,5 Weeks,$49,"Selenium WebDriver for qa & test automation. Build practical, job-ready skills in cypress, qa, test planning, playwright. Designed for advanced learners aiming for a QA & Test Automation role.","Module 1: Foundations of Selenium WebDriver | Module 2: Core tools (cypress, playwright) | Module 3: Hands-on Selenium WebDriver project | Module 4: Advanced techniques and best practices | Module 5: Career path toward QA & Test Automation",https://www.edx.org/course/selenium-webdriver-advanced
API Testing,A beginner path into QA & Test Automation.,173682,Self-paced,IBM,Course Staff,Introductory,Computer Science,English,English,6–14 hours per week,9 Weeks,Free,"API Testing for qa & test automation. Build practical, job-ready skills in cypress, test planning, qa, test automation. Designed for beginner learners aiming for a QA & Test Automation role.","Module 1: Foundations of API Testing | Module 2: Core tools (cypress, test automation) | Module 3: Hands-on API Testing project | Module 4: Beginner techniques and best practices | Module 5: Career path toward QA & Test Automation",https://www.edx.org/course/api-testing-beginner
API Testing,A intermediate path into QA & Test Automation.,169272,Self-paced,GTx,Course Staff,Intermediate,Computer Science,English,English,4–12 hours per week,7 Weeks,$99,"API Testing for qa & test automation. Build practical, job-ready skills in playwright, selenium, test planning, qa. Designed for intermediate learners aiming for a QA & Test Automation role.","Module 1: Foundations of API Testing | Module 2: Core tools (playwright, qa) | Module 3: Hands-on API Testing project | Module 4: Intermediate techniques and best practices | Module 5: Career path toward QA & Test Automation",https://www.edx.org/course/api-testing-intermediate
API Testing,A advanced path into QA & Test Automation.,105521,Self-paced,BerkeleyX,Course Staff,Advanced,Computer Science,English,English,3–11 hours per week,12 Weeks,Free,"API Testing for qa & test automation. Build practical, job-ready skills in test automation, pytest, selenium, qa. Designed for advanced learners aiming for a QA & Test Automation role.","Module 1: Foundations of API Testing | Module 2: Core tools (test automation, qa) | Module 3: Hands-on API Testing project | Module 4: Advanced techniques and best practices | Module 5: Career path toward QA & Test Automation",https://www.edx.org/course/api-testing-advanced
End-to-End Testing,A beginner path into QA & Test Automation.,86835,Self-paced,IBM,Course Staff,Introductory,Computer Science,English,English,6–14 hours per week,9 Weeks,Free (Audit),"End-to-End Testing for qa & test automation. Build practical, job-ready skills in test automation, cypress, pytest, selenium. Designed for beginner learners aiming for a QA & Test Automation role.","Module 1: Foundations of End-to-End Testing | Module 2: Core tools (test automation, selenium) | Module 3: Hands-on End-to-End Testing project | Module 4: Beginner techniques and best practices | Module 5: Career path toward QA & Test Automation",https://www.edx.org/course/end-to-end-testing-beginner
End-to-End Testing,A intermediate path into QA & Test Automation.,14248,Self-paced,HarvardX,Course Staff,Intermediate,Computer Science,English,English,4–12 hours per week,11 Weeks,$49,"End-to-End Testing for qa & test automation. Build practical, job-ready skills in playwright, cypress, pytest, qa. Designed for intermediate learners aiming for a QA & Test Automation role.","Module 1: Foundations of End-to-End Testing | Module 2: Core tools (playwright, qa) | Module 3: Hands-on End-to-End Testing project | Module 4: Intermediate techniques and best practices | Module 5: Career path toward QA & Test Automation",https://www.edx.org/course/end-to-end-testing-intermediate
End-to-End Testing,A advanced path into QA & Test Automation.,146024,Self-paced,BerkeleyX,Course Staff,Advanced,Computer Science,English,English,4–9 hours per week,10 Weeks,$99,"End-to-End Testing for qa & test automation. Build practical, job-ready skills in qa, selenium, test planning, pytest. Designed for advanced learners aiming for a QA & Test Automation role.","Module 1: Foundations of End-to-End Testing | Module 2: Core tools (qa, pytest) | Module 3: Hands-on End-to-End Testing project | Module 4: Advanced techniques and best practices | Module 5: Career path toward QA & Test Automation",https://www.edx.org/course/end-to-end-testing-advanced
Web Development,A beginner path into Web Development.,12876,Self-paced,HarvardX,Course Staff,Introductory,Computer Science,English,English,2–10 hours per week,9 Weeks,$99,"Web Development for web development. Build practical, job-ready skills in rest api, css, typescript, react. Designed for beginner learners aiming for a Web Development role.","Module 1: Foundations of Web Development | Module 2: Core tools (rest api, react) | Module 3: Hands-on Web Development project | Module 4: Beginner techniques and best practices | Module 5: Career path toward Web Development",https://www.edx.org/course/web-development-beginner
Web Development,A intermediate path into Web Development.,186791,Self-paced,DelftX,Course Staff,Intermediate,Computer Science,English,English,6–11 hours per week,11 Weeks,Free,"Web Development for web development. Build practical, job-ready skills in css, html, javascript, rest api. Designed for intermediate learners aiming for a Web Development role.","Module 1: Foundations of Web Development | Module 2: Core tools (css, rest api) | Module 3: Hands-on Web Development project | Module 4: Intermediate techniques and best practices | Module 5: Career path toward Web Development",https://www.edx.org/course/web-development-intermediate
Web Development,A advanced path into Web Development.,153967,Self-paced,HarvardX,Course Staff,Advanced,Computer Science,English,English,5–10 hours per week,12 Weeks,$99,"Web Development for web development. Build practical, job-ready skills in typescript, rest api, react, html. Designed for advanced learners aiming for a Web Development role.","Module 1: Foundations of Web Development | Module 2: Core tools (typescript, html) | Module 3: Hands-on Web Development project | Module 4: Advanced techniques and best practices | Module 5: Career path toward Web Development",https://www.edx.org/course/web-development-advanced
React,A beginner path into Web Development.,193895,Self-paced,DelftX,Course Staff,Introductory,Computer Science,English,English,7–9 hours per week,6 Weeks,Free (Audit),"React for web development. Build practical, job-ready skills in javascript, node.js, rest api, react. Designed for beginner learners aiming for a Web Development role.","Module 1: Foundations of React | Module 2: Core tools (javascript, react) | Module 3: Hands-on React project | Module 4: Beginner techniques and best practices | Module 5: Career path toward Web Development",https://www.edx.org/course/react-beginner
React,A intermediate path into Web Development.,147299,Self-paced,GTx,Course Staff,Intermediate,Computer Science,English,English,4–10 hours per week,8 Weeks,$49,"React for web development. Build practical, job-ready skills in css, typescript, html, rest api. Designed for intermediate learners aiming for a Web Development role.","Module 1: Foundations of React | Module 2: Core tools (css, rest api) | Module 3: Hands-on React project | Module 4: Intermediate techniques and best practices | Module 5: Career path toward Web Development",https://www.edx.org/course/react-intermediate
React,A advanced path into Web Development.,39397,Self-paced,BerkeleyX,Course Staff,Advanced,Computer Science,English,English,4–9 hours per week,8 Weeks,Free,"React for web development. Build practical, job-ready skills in node.js, javascript, html, typescript. Designed for advanced learners aiming for a Web Development role.","Module 1: Foundations of React | Module 2: Core tools (node.js, typescript) | Module 3: Hands-on React project | Module 4: Advanced techniques and best practices | Module 5: Career path toward Web Development",https://www.edx.org/course/react-advanced
Full-Stack JavaScript,A beginner path into Web Development.,14307,Self-paced,Microsoft,Course Staff,Introductory,Computer Science,English,English,7–13 hours per week,7 Weeks,Free (Audit),"Full-Stack JavaScript for web development. Build practical, job-ready skills in typescript, html, rest api, node.js. Designed for beginner learners aiming for a Web Development role.","Module 1: Foundations of Full-Stack JavaScript | Module 2: Core tools (typescript, node.js) | Module 3: Hands-on Full-Stack JavaScript project | Module 4: Beginner techniques and best practices | Module 5: Career path toward Web Development",https://www.edx.org/course/full-stack-javascript-beginner
Full-Stack JavaScript,A intermediate path into Web Development.,199157,Self-paced,Microsoft,Course Staff,Intermediate,Computer Science,English,English,4–11 hours per week,8 Weeks,Free,"Full-Stack JavaScript for web development. Build practical, job-ready skills in react, rest api, html, typescript. Designed for intermediate learners aiming for a Web Development role.","Module 1: Foundations of Full-Stack JavaScript | Module 2: Core tools (react, typescript) | Module 3: Hands-on Full-Stack JavaScript project | Module 4: Intermediate techniques and best practices | Module 5: Career path toward Web Development",https://www.edx.org/course/full-stack-javascript-intermediate
Full-Stack JavaScript,A advanced path into Web Development.,49840,Self-paced,DelftX,Course Staff,Advanced,Computer Science,English,English,7–11 hours per week,4 Weeks,Free,"Full-Stack JavaScript for web development. Build practical, job-ready skills in rest api, react, css, javascript. Designed for advanced learners aiming for a Web Development role.","Module 1: Foundations of Full-Stack JavaScript | Module 2: Core tools (rest api, javascript) | Module 3: Hands-on Full-Stack JavaScript project | Module 4: Advanced techniques and best practices | Module 5: Career path toward Web Development",https://www.edx.org/course/full-stack-javascript-advanced
Frontend Engineering,A beginner path into Web Development.,43596,Self-paced,BerkeleyX,Course Staff,Introductory,Computer Science,English,English,7–12 hours per week,8 Weeks,Free (Audit),"Frontend Engineering for web development. Build practical, job-ready skills in typescript, css, node.js, react. Designed for beginner learners aiming for a Web Development role.","Module 1: Foundations of Frontend Engineering | Module 2: Core tools (typescript, react) | Module 3: Hands-on Frontend Engineering project | Module 4: Beginner techniques and best practices | Module 5: Career path toward Web Development",https://www.edx.org/course/frontend-engineering-beginner
Frontend Engineering,A intermediate path into Web Development.,37860,Self-paced,IBM,Course Staff,Intermediate,Computer Science,English,English,5–11 hours per week,7 Weeks,Free,"Frontend Engineering for web development. Build practical, job-ready skills in react, node.js, typescript, css. Designed for intermediate learners aiming for a Web Development role.","Module 1: Foundations of Frontend Engineering | Module 2: Core tools (react, css) | Module 3: Hands-on Frontend Engineering project | Module 4: Intermediate techniques and best practices | Module 5: Career path toward Web Development",https://www.edx.org/course/frontend-engineering-intermediate
Frontend Engineering,A advanced path into Web Development.,81427,Self-paced,DelftX,Course Staff,Advanced,Computer Science,English,English,3–12 hours per week,12 Weeks,$49,"Frontend Engineering for web development. Build practical, job-ready skills in typescript, html, javascript, node.js. Designed for advanced learners aiming for a Web Development role.","Module 1: Foundations of Frontend Engineering | Module 2: Core tools (typescript, node.js) | Module 3: Hands-on Frontend Engineering project | Module 4: Advanced techniques and best practices | Module 5: Career path toward Web Development",https://www.edx.org/course/frontend-engineering-advanced
Node.js APIs,A beginner path into Web Development.,65871,Self-paced,Microsoft,Course Staff,Introductory,Computer Science,English,English,7–13 hours per week,5 Weeks,$99,"Node.js APIs for web development. Build practical, job-ready skills in node.js, react, typescript, css. Designed for beginner learners aiming for a Web Development role.","Module 1: Foundations of Node.js APIs | Module 2: Core tools (node.js, css) | Module 3: Hands-on Node.js APIs project | Module 4: Beginner techniques and best practices | Module 5: Career path toward Web Development",https://www.edx.org/course/node-js-apis-beginner
Node.js APIs,A intermediate path into Web Development.,31471,Self-paced,DelftX,Course Staff,Intermediate,Computer Science,English,English,7–10 hours per week,11 Weeks,Free,"Node.js APIs for web development. Build practical, job-ready skills in css, node.js, typescript, react. Designed for intermediate learners aiming for a Web Development role.","Module 1: Foundations of Node.js APIs | Module 2: Core tools (css, react) | Module 3: Hands-on Node.js APIs project | Module 4: Intermediate techniques and best practices | Module 5: Career path toward Web Development",https://www.edx.org/course/node-js-apis-intermediate
Node.js APIs,A advanced path into Web Development.,196508,Self-paced,HarvardX,Course Staff,Advanced,Computer Science,English,English,3–13 hours per week,5 Weeks,Free,"Node.js APIs for web development. Build practical, job-ready skills in css, html, react, node.js. Designed for advanced learners aiming for a Web Development role.","Module 1: Foundations of Node.js APIs | Module 2: Core tools (css, node.js) | Module 3: Hands-on Node.js APIs project | Module 4: Advanced techniques and best practices | Module 5: Career path toward Web Development",https://www.edx.org/course/node-js-apis-advanced
Cybersecurity,A beginner path into Security.,99162,Self-paced,UBCx,Course Staff,Introductory,Computer Science,English,English,5–12 hours per week,10 Weeks,$99,"Cybersecurity for security. Build practical, job-ready skills in network security, penetration testing, incident response, cybersecurity. Designed for beginner learners aiming for a Security role.","Module 1: Foundations of Cybersecurity | Module 2: Core tools (network security, cybersecurity) | Module 3: Hands-on Cybersecurity project | Module 4: Beginner techniques and best practices | Module 5: Career path toward Security",https://www.edx.org/course/cybersecurity-beginner
Cybersecurity,A intermediate path into Security.,122373,Self-paced,GTx,Course Staff,Intermediate,Computer Science,English,English,7–14 hours per week,12 Weeks,$99,"Cybersecurity for security. Build practical, job-ready skills in cybersecurity, cryptography, penetration testing, network security. Designed for intermediate learners aiming for a Security role.","Module 1: Foundations of Cybersecurity | Module 2: Core tools (cybersecurity, network security) | Module 3: Hands-on Cybersecurity project | Module 4: Intermediate techniques and best practices | Module 5: Career path toward Security",https://www.edx.org/course/cybersecurity-intermediate
Cybersecurity,A advanced path into Security.,18639,Self-paced,Microsoft,Course Staff,Advanced,Computer Science,English,English,2–13 hours per week,4 Weeks,$99,"Cybersecurity for security. Build practical, job-ready skills in incident response, network security, cybersecurity, penetration testing. Designed for advanced learners aiming for a Security role.","Module 1: Foundations of Cybersecurity | Module 2: Core tools (incident response, penetration testing) | Module 3: Hands-on Cybersecurity project | Module 4: Advanced techniques and best practices | Module 5: Career path toward Security",https://www.edx.org/course/cybersecurity-advanced
Ethical Hacking,A beginner path into Security.,63102,Self-paced,BerkeleyX,Course Staff,Introductory,Computer Science,English,English,4–10 hours per week,12 Weeks,Free (Audit),"Ethical Hacking for security. Build practical, job-ready skills in incident response, cybersecurity, network security, penetration testing. Designed for beginner learners aiming for a Security role.","Module 1: Foundations of Ethical Hacking | Module 2: Core tools (incident response, penetration testing) | Module 3: Hands-on Ethical Hacking project | Module 4: Beginner techniques and best practices | Module 5: Career path toward Security",https://www.edx.org/course/ethical-hacking-beginner
Ethical Hacking,A intermediate path into Security.,138484,Self-paced,UBCx,Course Staff,Intermediate,Computer Science,English,English,4–14 hours per week,10 Weeks,$99,"Ethical Hacking for security. Build practical, job-ready skills in network security, penetration testing, cryptography, cybersecurity. Designed for intermediate learners aiming for a Security role.","Module 1: Foundations of Ethical Hacking | Module 2: Core tools (network security, cybersecurity) | Module 3: Hands-on Ethical Hacking project | Module 4: Intermediate techniques and best practices | Module 5: Career path toward Security",https://www.edx.org/course/ethical-hacking-intermediate
Ethical Hacking,A advanced path into Security.,110185,Self-paced,UBCx,Course Staff,Advanced,Computer Science,English,English,6–13 hours per week,6 Weeks,$99,"Ethical Hacking for security. Build practical, job-ready skills in cryptography, penetration testing, incident response, cybersecurity. Designed for advanced learners aiming for a Security role.","Module 1: Foundations of Ethical Hacking | Module 2: Core tools (cryptography, cybersecurity) | Module 3: Hands-on Ethical Hacking project | Module 4: Advanced techniques and best practices | Module 5: Career path toward Security",https://www.edx.org/course/ethical-hacking-advanced
Network Security,A beginner path into Security.,50325,Self-paced,MITx,Course Staff,Introductory,Computer Science,English,English,8–13 hours per week,12 Weeks,Free (Audit),"Network Security for security. Build practical, job-ready skills in cryptography, penetration testing, cybersecurity, incident response. Designed for beginner learners aiming for a Security role.","Module 1: Foundations of Network Security | Module 2: Core tools (cryptography, incident response) | Module 3: Hands-on Network Security project | Module 4: Beginner techniques and best practices | Module 5: Career path toward Security",https://www.edx.org/course/network-security-beginner
Network Security,A intermediate path into Security.,75202,Self-paced,BerkeleyX,Course Staff,Intermediate,Computer Science,English,English,5–12 hours per week,12 Weeks,$49,"Network Security for security. Build practical, job-ready skills in network security, cryptography, incident response, penetration testing. Designed for intermediate learners aiming for a Security role.","Module 1: Foundations of Network Security | Module 2: Core tools (network security, penetration testing) | Module 3: Hands-on Network Security project | Module 4: Intermediate techniques and best practices | Module 5: Career path toward Security",https://www.edx.org/course/network-security-intermediate
Network Security,A advanced path into Security.,5251,Self-paced,IBM,Course Staff,Advanced,Computer Science,English,English,4–13 hours per week,10 Weeks,$49,"Network Security for security. Build practical, job-ready skills in penetration testing, incident response, cryptography, network security. Designed for advanced learners aiming for a Security role.","Module 1: Foundations of Network Security | Module 2: Core tools (penetration testing, network security) | Module 3: Hands-on Network Security project | Module 4: Advanced techniques and best practices | Module 5: Career path toward Security",https://www.edx.org/course/network-security-advanced
Security Operations,A beginner path into Security.,121803,Self-paced,DelftX,Course Staff,Introductory,Computer Science,English,English,3–14 hours per week,9 Weeks,Free (Audit),"Security Operations for security. Build practical, job-ready skills in cryptography, incident response, network security, cybersecurity. Designed for beginner learners aiming for a Security role.","Module 1: Foundations of Security Operations | Module 2: Core tools (cryptography, cybersecurity) | Module 3: Hands-on Security Operations project | Module 4: Beginner techniques and best practices | Module 5: Career path toward Security",https://www.edx.org/course/security-operations-beginner
Security Operations,A intermediate path into Security.,186380,Self-paced,MITx,Course Staff,Intermediate,Computer Science,English,English,3–9 hours per week,7 Weeks,$99,"Security Operations for security. Build practical, job-ready skills in cryptography, network security, cybersecurity, penetration testing. Designed for intermediate learners aiming for a Security role.","Module 1: Foundations of Security Operations | Module 2: Core tools (cryptography, penetration testing) | Module 3: Hands-on Security Operations project | Module 4: Intermediate techniques and best practices | Module 5: Career path toward Security",https://www.edx.org/course/security-operations-intermediate
Security Operations,A advanced path into Security.,132652,Self-paced,HarvardX,Course Staff,Advanced,Computer Science,English,English,8–14 hours per week,10 Weeks,Free (Audit),"Security Operations for security. Build practical, job-ready skills in penetration testing, cybersecurity, incident response, cryptography. Designed for advanced learners aiming for a Security role.","Module 1: Foundations of Security Operations | Module 2: Core tools (penetration testing, cryptography) | Module 3: Hands-on Security Operations project | Module 4: Advanced techniques and best practices | Module 5: Career path toward Security",https://www.edx.org/course/security-operations-advanced
Cryptography,A beginner path into Security.,183776,Self-paced,Microsoft,Course Staff,Introductory,Computer Science,English,English,3–11 hours per week,5 Weeks,Free,"Cryptography for security. Build practical, job-ready skills in cybersecurity, incident response, penetration testing, network security. Designed for beginner learners aiming for a Security role.","Module 1: Foundations of Cryptography | Module 2: Core tools (cybersecurity, network security) | Module 3: Hands-on Cryptography project | Module 4: Beginner techniques and best practices | Module 5: Career path toward Security",https://www.edx.org/course/cryptography-beginner
Cryptography,A intermediate path into Security.,139453,Self-paced,MITx,Course Staff,Intermediate,Computer Science,English,English,2–10 hours per week,7 Weeks,$99,"Cryptography for security. Build practical, job-ready skills in cybersecurity, network security, cryptography, penetration testing. Designed for intermediate learners aiming for a Security role.","Module 1: Foundations of Cryptography | Module 2: Core tools (cybersecurity, penetration testing) | Module 3: Hands-on Cryptography project | Module 4: Intermediate techniques and best practices | Module 5: Career path toward Security",https://www.edx.org/course/cryptography-intermediate
Cryptography,A advanced path into Security.,79453,Self-paced,MITx,Course Staff,Advanced,Computer Science,English,English,3–13 hours per week,7 Weeks,$99,"Cryptography for security. Build practical, job-ready skills in penetration testing, cybersecurity, network security, cryptography. Designed for advanced learners aiming for a Security role.","Module 1: Foundations of Cryptography | Module 2: Core tools (penetration testing, cryptography) | Module 3: Hands-on Cryptography project | Module 4: Advanced techniques and best practices | Module 5: Career path toward Security",https://www.edx.org/course/cryptography-advanced
Natural Language Processing,A beginner path into NLP & GenAI.,86557,Self-paced,UBCx,Course Staff,Introductory,Computer Science,English,English,2–14 hours per week,8 Weeks,$99,"Natural Language Processing for nlp & genai. Build practical, job-ready skills in hugging face, prompt engineering, llm, rag. Designed for beginner learners aiming for a NLP & GenAI role.","Module 1: Foundations of Natural Language Processing | Module 2: Core tools (hugging face, rag) | Module 3: Hands-on Natural Language Processing project | Module 4: Beginner techniques and best practices | Module 5: Career path toward NLP & GenAI",https://www.edx.org/course/natural-language-processing-beginner
Natural Language Processing,A intermediate path into NLP & GenAI.,71247,Self-paced,MITx,Course Staff,Intermediate,Computer Science,English,English,3–12 hours per week,6 Weeks,$99,"Natural Language Processing for nlp & genai. Build practical, job-ready skills in rag, transformers, llm, embeddings. Designed for intermediate learners aiming for a NLP & GenAI role.","Module 1: Foundations of Natural Language Processing | Module 2: Core tools (rag, embeddings) | Module 3: Hands-on Natural Language Processing project | Module 4: Intermediate techniques and best practices | Module 5: Career path toward NLP & GenAI",https://www.edx.org/course/natural-language-processing-intermediate
Natural Language Processing,A advanced path into NLP & GenAI.,28077,Self-paced,UBCx,Course Staff,Advanced,Computer Science,English,English,2–9 hours per week,9 Weeks,Free,"Natural Language Processing for nlp & genai. Build practical, job-ready skills in llm, embeddings, nlp, prompt engineering. Designed for advanced learners aiming for a NLP & GenAI role.","Module 1: Foundations of Natural Language Processing | Module 2: Core tools (llm, prompt engineering) | Module 3: Hands-on Natural Language Processing project | Module 4: Advanced techniques and best practices | Module 5: Career path toward NLP & GenAI",https://www.edx.org/course/natural-language-processing-advanced
Large Language Models,A beginner path into NLP & GenAI.,37396,Self-paced,IBM,Course Staff,Introductory,Computer Science,English,English,4–11 hours per week,8 Weeks,$99,"Large Language Models for nlp & genai. Build practical, job-ready skills in prompt engineering, embeddings, llm, rag. Designed for beginner learners aiming for a NLP & GenAI role.","Module 1: Foundations of Large Language Models | Module 2: Core tools (prompt engineering, rag) | Module 3: Hands-on Large Language Models project | Module 4: Beginner techniques and best practices | Module 5: Career path toward NLP & GenAI",https://www.edx.org/course/large-language-models-beginner
Large Language Models,A intermediate path into NLP & GenAI.,29042,Self-paced,DelftX,Course Staff,Intermediate,Computer Science,English,English,3–11 hours per week,4 Weeks,$99,"Large Language Models for nlp & genai. Build practical, job-ready skills in transformers, nlp, embeddings, rag. Designed for intermediate learners aiming for a NLP & GenAI role.","Module 1: Foundations of Large Language Models | Module 2: Core tools (transformers, rag) | Module 3: Hands-on Large Language Models project | Module 4: Intermediate techniques and best practices | Module 5: Career path toward NLP & GenAI",https://www.edx.org/course/large-language-models-intermediate
Large Language Models,A advanced path into NLP & GenAI.,77401,Self-paced,BerkeleyX,Course Staff,Advanced,Computer Science,English,English,7–14 hours per week,11 Weeks,Free (Audit),"Large Language Models for nlp & genai. Build practical, job-ready skills in llm, prompt engineering, rag, embeddings. Designed for advanced learners aiming for a NLP & GenAI role.","Module 1: Foundations of Large Language Models | Module 2: Core tools (llm, embeddings) | Module 3: Hands-on Large Language Models project | Module 4: Advanced techniques and best practices | Module 5: Career path toward NLP & GenAI",https://www.edx.org/course/large-language-models-advanced
Generative AI,A beginner path into NLP & GenAI.,186694,Self-paced,DelftX,Course Staff,Introductory,Computer Science,English,English,3–12 hours per week,8 Weeks,Free,"Generative AI for nlp & genai. Build practical, job-ready skills in llm, rag, embeddings, hugging face. Designed for beginner learners aiming for a NLP & GenAI role.","Module 1: Foundations of Generative AI | Module 2: Core tools (llm, hugging face) | Module 3: Hands-on Generative AI project | Module 4: Beginner techniques and best practices | Module 5: Career path toward NLP & GenAI",https://www.edx.org/course/generative-ai-beginner
Generative AI,A intermediate path into NLP & GenAI.,141081,Self-paced,UBCx,Course Staff,Intermediate,Computer Science,English,English,6–14 hours per week,10 Weeks,Free,"Generative AI for nlp & genai. Build practical, job-ready skills in embeddings, rag, hugging face, transformers. Designed for intermediate learners aiming for a NLP & GenAI role.","Module 1: Foundations of Generative AI | Module 2: Core tools (embeddings, transformers) | Module 3: Hands-on Generative AI project | Module 4: Intermediate techniques and best practices | Module 5: Career path toward NLP & GenAI",https://www.edx.org/course/generative-ai-intermediate
Generative AI,A advanced path into NLP & GenAI.,113841,Self-paced,BerkeleyX,Course Staff,Advanced,Computer Science,English,English,2–9 hours per week,5 Weeks,$49,"Generative AI for nlp & genai. Build practical, job-ready skills in embeddings, llm, prompt engineering, nlp. Designed for advanced learners aiming for a NLP & GenAI role.","Module 1: Foundations of Generative AI | Module 2: Core tools (embeddings, nlp) | Module 3: Hands-on Generative AI project | Module 4: Advanced techniques and best practices | Module 5: Career path toward NLP & GenAI",https://www.edx.org/course/generative-ai-advanced
Building RAG Apps,A beginner path into NLP & GenAI.,192404,Self-paced,MITx,Course Staff,Introductory,Computer Science,English,English,3–11 hours per week,8 Weeks,$49,"Building RAG Apps for nlp & genai. Build practical, job-ready skills in transformers, prompt engineering, hugging face, embeddings. Designed for beginner learners aiming for a NLP & GenAI role.","Module 1: Foundations of Building RAG Apps | Module 2: Core tools (transformers, embeddings) | Module 3: Hands-on Building RAG Apps project | Module 4: Beginner techniques and best practices | Module 5: Career path toward NLP & GenAI",https://www.edx.org/course/building-rag-apps-beginner
Building RAG Apps,A intermediate path into NLP & GenAI.,90935,Self-paced,HarvardX,Course Staff,Intermediate,Computer Science,English,English,7–9 hours per week,6 Weeks,Free (Audit),"Building RAG Apps for nlp & genai. Build practical, job-ready skills in rag, transformers, prompt engineering, embeddings. Designed for intermediate learners aiming for a NLP & GenAI role.","Module 1: Foundations of Building RAG Apps | Module 2: Core tools (rag, embeddings) | Module 3: Hands-on Building RAG Apps project | Module 4: Intermediate techniques and best practices | Module 5: Career path toward NLP & GenAI",https://www.edx.org/course/building-rag-apps-intermediate
Building RAG Apps,A advanced path into NLP & GenAI.,8652,Self-paced,UBCx,Course Staff,Advanced,Computer Science,English,English,7–13 hours per week,7 Weeks,$99,"Building RAG Apps for nlp & genai. Build practical, job-ready skills in prompt engineering, transformers, embeddings, hugging face. Designed for advanced learners aiming for a NLP & GenAI role.","Module 1: Foundations of Building RAG Apps | Module 2: Core tools (prompt engineering, hugging face) | Module 3: Hands-on Building RAG Apps project | Module 4: Advanced techniques and best practices | Module 5: Career path toward NLP & GenAI",https://www.edx.org/course/building-rag-apps-advanced
Transformers,A beginner path into NLP & GenAI.,30872,Self-paced,DelftX,Course Staff,Introductory,Computer Science,English,English,4–14 hours per week,11 Weeks,$49,"Transformers for nlp & genai. Build practical, job-ready skills in prompt engineering, rag, hugging face, nlp. Designed for beginner learners aiming for a NLP & GenAI role.","Module 1: Foundations of Transformers | Module 2: Core tools (prompt engineering, nlp) | Module 3: Hands-on Transformers project | Module 4: Beginner techniques and best practices | Module 5: Career path toward NLP & GenAI",https://www.edx.org/course/transformers-beginner
Transformers,A intermediate path into NLP & GenAI.,83099,Self-paced,IBM,Course Staff,Intermediate,Computer Science,English,English,2–10 hours per week,8 Weeks,Free,"Transformers for nlp & genai. Build practical, job-ready skills in prompt engineering, rag, embeddings, hugging face. Designed for intermediate learners aiming for a NLP & GenAI role.","Module 1: Foundations of Transformers | Module 2: Core tools (prompt engineering, hugging face) | Module 3: Hands-on Transformers project | Module 4: Intermediate techniques and best practices | Module 5: Career path toward NLP & GenAI",https://www.edx.org/course/transformers-intermediate
Transformers,A advanced path into NLP & GenAI.,129356,Self-paced,IBM,Course Staff,Advanced,Computer Science,English,English,4–10 hours per week,6 Weeks,$49,"Transformers for nlp & genai. Build practical, job-ready skills in transformers, llm, embeddings, rag. Designed for advanced learners aiming for a NLP & GenAI role.","Module 1: Foundations of Transformers | Module 2: Core tools (transformers, rag) | Module 3: Hands-on Transformers project | Module 4: Advanced techniques and best practices | Module 5: Career path toward NLP & GenAI",https://www.edx.org/course/transformers-advanced
